{
  "properties": {
    "connectionReferences": {},
    "definition": {
      "$schema": "https://schema.management.azure.com/providers/Microsoft.Logic/schemas/2016-06-01/workflowdefinition.json#",
      "contentVersion": "1.0.0.0",
      "parameters": {
        "$authentication": {
          "defaultValue": {},
          "type": "SecureObject"
        }
      },
      "triggers": {
        "manual": {
          "metadata": {
            "operationMetadataId": "ba4bed35-4eba-402d-81be-a552e152dfe0"
          },
          "type": "Request",
          "kind": "Button",
          "inputs": {
            "schema": {
              "type": "object",
              "properties": {
                "date": {
                  "title": "StartDate",
                  "type": "string",
                  "format": "date",
                  "x-ms-dynamically-added": true,
                  "description": "Please enter or select a date (YYYY-MM-DD)",
                  "x-ms-content-hint": "DATE"
                },
                "number": {
                  "title": "BusinessDaysUntilDue",
                  "type": "number",
                  "x-ms-dynamically-added": true,
                  "description": "Please enter a number",
                  "x-ms-content-hint": "NUMBER"
                }
              },
              "required": [
                "date",
                "number"
              ]
            }
          }
        }
      },
      "actions": {
        "setWeeksUntilDue": {
          "runAfter": {
            "setvarDaysToAdd": [
              "Succeeded"
            ]
          },
          "metadata": {
            "operationMetadataId": "54ec1c53-a580-4df6-9afd-24db443a2536"
          },
          "type": "InitializeVariable",
          "inputs": {
            "variables": [
              {
                "name": "varWeeksUntilDue",
                "type": "integer",
                "value": "@div(sub(triggerBody()['number'], variables('varDaysToAdd')),5)"
              }
            ]
          }
        },
        "setvarDaysToAdd": {
          "runAfter": {},
          "metadata": {
            "operationMetadataId": "a7d7453e-72e7-49c9-9da3-26b40e083df6"
          },
          "type": "InitializeVariable",
          "inputs": {
            "variables": [
              {
                "name": "varDaysToAdd",
                "type": "integer",
                "value": "@mod(triggerBody()['number'], 5)"
              }
            ]
          }
        },
        "setDueDate": {
          "runAfter": {
            "setWeeksUntilDue": [
              "Succeeded"
            ]
          },
          "metadata": {
            "operationMetadataId": "10869359-053d-47cd-a8c8-36180cda5c1d"
          },
          "type": "InitializeVariable",
          "inputs": {
            "variables": [
              {
                "name": "varDueDate",
                "type": "string",
                "value": "@{addDays(triggerBody()['date'], add(mul(variables('varWeeksUntilDue'),7), variables('varDaysToAdd')))}"
              }
            ]
          }
        },
        "ProcessWeekend": {
          "actions": {
            "isWeekend": {
              "runAfter": {},
              "metadata": {
                "operationMetadataId": "191ebb78-2c03-4273-9340-112ab668eadb"
              },
              "type": "Workflow",
              "inputs": {
                "host": {
                  "workflowReferenceName": "ea1757e3-38f8-ef11-9341-001dd808a7b4"
                },
                "body": {
                  "date": "@variables('varDueDate')"
                }
              }
            },
            "Condition": {
              "actions": {
                "tempDate": {
                  "runAfter": {},
                  "metadata": {
                    "operationMetadataId": "e8ff85ff-fde7-4327-a26a-caa5b161d35b"
                  },
                  "type": "Compose",
                  "inputs": {
                    "date": "@variables('varDueDate')"
                  }
                },
                "varSetDueDateToNextMonday": {
                  "runAfter": {
                    "tempDate": [
                      "Succeeded"
                    ]
                  },
                  "metadata": {
                    "operationMetadataId": "8528840b-ff31-41cc-abf3-ef6e480693c0"
                  },
                  "type": "SetVariable",
                  "inputs": {
                    "name": "varDueDate",
                    "value": "@{addDays(outputs('tempDate')?['date'], outputs('isWeekend')?['Body']?['addDays'])}"
                  }
                }
              },
              "runAfter": {
                "isWeekend": [
                  "Succeeded"
                ]
              },
              "expression": {
                "equals": [
                  "@body('isWeekend')?['isWeekend']",
                  true
                ]
              },
              "metadata": {
                "operationMetadataId": "ab7f4567-cb64-41bb-a370-2d625869f033"
              },
              "type": "If"
            }
          },
          "runAfter": {
            "setDueDate": [
              "Succeeded"
            ]
          },
          "metadata": {
            "operationMetadataId": "fabf4426-d72a-47f6-8026-79304854f639"
          },
          "type": "Scope"
        },
        "ProcessHoliday": {
          "actions": {
            "isHoliday": {
              "runAfter": {},
              "metadata": {
                "operationMetadataId": "a5fd124b-f4ac-4a1f-b5ae-9455b4241306"
              },
              "type": "Workflow",
              "inputs": {
                "host": {
                  "workflowReferenceName": "029f826f-37f8-ef11-9342-001dd8083e6c"
                },
                "body": {
                  "date": "@variables('varDueDate')"
                }
              }
            },
            "Condition_2": {
              "actions": {
                "tempHolidayDate": {
                  "runAfter": {},
                  "metadata": {
                    "operationMetadataId": "9ad8e9a2-4d9b-4903-aec1-a85427300720"
                  },
                  "type": "Compose",
                  "inputs": {
                    "date": "@variables('varDueDate')"
                  }
                },
                "Increment_DueDate_By_one_(avoid_Holiday)": {
                  "runAfter": {
                    "tempHolidayDate": [
                      "Succeeded"
                    ]
                  },
                  "metadata": {
                    "operationMetadataId": "7be09222-3f90-4551-8065-2e605fd01488"
                  },
                  "type": "SetVariable",
                  "inputs": {
                    "name": "varDueDate",
                    "value": "@{addDays(outputs('tempHolidayDate')?['date'], 1)}"
                  }
                }
              },
              "runAfter": {
                "isHoliday": [
                  "Succeeded"
                ]
              },
              "expression": {
                "equals": [
                  "@body('isHoliday')?['isHoliday']",
                  "@true"
                ]
              },
              "metadata": {
                "operationMetadataId": "669eb48f-2e02-4f77-b6a1-7d81b79f9aaf"
              },
              "type": "If"
            }
          },
          "runAfter": {
            "ProcessWeekend": [
              "Succeeded"
            ]
          },
          "metadata": {
            "operationMetadataId": "69f82d39-36cf-4187-951e-2696c21502ad"
          },
          "type": "Scope"
        },
        "ProcessWeekend_2": {
          "actions": {
            "isWeekend_2": {
              "runAfter": {},
              "metadata": {
                "operationMetadataId": "191ebb78-2c03-4273-9340-112ab668eadb"
              },
              "type": "Workflow",
              "inputs": {
                "host": {
                  "workflowReferenceName": "ea1757e3-38f8-ef11-9341-001dd808a7b4"
                },
                "body": {
                  "date": "@variables('varDueDate')"
                }
              }
            },
            "Condition_3": {
              "actions": {
                "tempDate_2": {
                  "runAfter": {},
                  "metadata": {
                    "operationMetadataId": "e8ff85ff-fde7-4327-a26a-caa5b161d35b"
                  },
                  "type": "Compose",
                  "inputs": {
                    "date": "@variables('varDueDate')"
                  }
                },
                "varSetDueDateToNextMonday_2": {
                  "runAfter": {
                    "tempDate_2": [
                      "Succeeded"
                    ]
                  },
                  "metadata": {
                    "operationMetadataId": "8528840b-ff31-41cc-abf3-ef6e480693c0"
                  },
                  "type": "SetVariable",
                  "inputs": {
                    "name": "varDueDate",
                    "value": "@{addDays(outputs('tempDate_2')?['date'], outputs('isWeekend_2')?['Body']?['addDays'])}"
                  }
                }
              },
              "runAfter": {
                "isWeekend_2": [
                  "Succeeded"
                ]
              },
              "expression": {
                "equals": [
                  "",
                  true
                ]
              },
              "metadata": {
                "operationMetadataId": "ab7f4567-cb64-41bb-a370-2d625869f033"
              },
              "type": "If"
            }
          },
          "runAfter": {
            "ProcessHoliday": [
              "Succeeded"
            ]
          },
          "metadata": {
            "operationMetadataId": "e2b183e0-1ecc-4aed-bb46-af01f146bcf7"
          },
          "type": "Scope"
        },
        "Response": {
          "runAfter": {
            "ProcessWeekend_2": [
              "Succeeded"
            ]
          },
          "metadata": {
            "operationMetadataId": "a58612c6-acf4-4093-91e9-b783ff96c996"
          },
          "type": "Response",
          "kind": "Http",
          "inputs": {
            "statusCode": 200,
            "headers": {
              "content-type": "application/json"
            },
            "body": {
              "DueDate": "@variables('varDueDate')"
            }
          }
        }
      }
    },
    "templateName": ""
  },
  "schemaVersion": "1.0.0.0"
}