{
  "properties": {
    "connectionReferences": {},
    "definition": {
      "$schema": "https://schema.management.azure.com/providers/Microsoft.Logic/schemas/2016-06-01/workflowdefinition.json#",
      "contentVersion": "1.0.0.0",
      "parameters": {
        "$authentication": {
          "defaultValue": {},
          "type": "SecureObject"
        }
      },
      "triggers": {
        "manual": {
          "metadata": {
            "operationMetadataId": "7cdaa8aa-73d1-4a0c-93d5-8e7e5b582df9"
          },
          "type": "Request",
          "kind": "Button",
          "inputs": {
            "schema": {
              "type": "object",
              "properties": {
                "date": {
                  "title": "SelectedDate",
                  "type": "string",
                  "format": "date",
                  "x-ms-dynamically-added": true,
                  "description": "Please enter or select a date (YYYY-MM-DD)",
                  "x-ms-content-hint": "DATE"
                }
              },
              "required": [
                "date"
              ]
            }
          }
        }
      },
      "actions": {
        "setDayOfWeek": {
          "runAfter": {},
          "metadata": {
            "operationMetadataId": "a7c3936f-5341-49e9-99a6-c17aa4c29545"
          },
          "type": "InitializeVariable",
          "inputs": {
            "variables": [
              {
                "name": "varDayOfWeek",
                "type": "integer",
                "value": "@int(dayOfWeek(formatDateTime(triggerBody()['date'])))"
              }
            ]
          }
        },
        "Condition": {
          "actions": {
            "setResultsWeekend": {
              "runAfter": {},
              "metadata": {
                "operationMetadataId": "8f9bea2a-6d43-4af3-b1b7-382ffbe096c3"
              },
              "type": "SetVariable",
              "inputs": {
                "name": "result",
                "value": {
                  "isWeekend": true,
                  "addDays": "@mod(add(sub(variables('varDayOfWeek'), 1),7),5)"
                }
              }
            }
          },
          "runAfter": {
            "setResult": [
              "Succeeded"
            ]
          },
          "expression": {
            "equals": [
              "@variables('varIsHoliday')",
              1
            ]
          },
          "metadata": {
            "operationMetadataId": "ba6467e2-7a1a-4b9d-8485-b0d8e6c7129e"
          },
          "type": "If"
        },
        "setResult": {
          "runAfter": {
            "setVarIsHoliday": [
              "Succeeded"
            ]
          },
          "metadata": {
            "operationMetadataId": "75bc5a6f-7bbd-4b99-bd43-ea429ca6fe6c"
          },
          "type": "InitializeVariable",
          "inputs": {
            "variables": [
              {
                "name": "result",
                "type": "object",
                "value": {
                  "isWeekend": false,
                  "addDays": 0
                }
              }
            ]
          }
        },
        "Response": {
          "runAfter": {
            "Condition": [
              "Succeeded"
            ]
          },
          "metadata": {
            "operationMetadataId": "4772b2f8-975d-4dd6-9b96-b634bbad8384"
          },
          "type": "Response",
          "kind": "Http",
          "inputs": {
            "statusCode": 200,
            "headers": {
              "content-type": "application/json"
            },
            "body": "@variables('result')",
            "schema": {
              "type": "object",
              "properties": {
                "isWeekend": {
                  "type": "boolean"
                },
                "addDays": {
                  "type": "integer"
                }
              }
            }
          }
        },
        "setVarIsHoliday": {
          "runAfter": {
            "setDayOfWeek": [
              "Succeeded"
            ]
          },
          "metadata": {
            "operationMetadataId": "23429e38-921d-4606-a3d8-4df2344ba240"
          },
          "type": "InitializeVariable",
          "inputs": {
            "variables": [
              {
                "name": "varIsHoliday",
                "type": "integer",
                "value": "@mod(add(int(dayOfWeek(formatDateTime(triggerBody()['date']))),7),6)"
              }
            ]
          }
        }
      }
    },
    "templateName": ""
  },
  "schemaVersion": "1.0.0.0"
}