{
  "properties": {
    "connectionReferences": {},
    "definition": {
      "$schema": "https://schema.management.azure.com/providers/Microsoft.Logic/schemas/2016-06-01/workflowdefinition.json#",
      "contentVersion": "1.0.0.0",
      "parameters": {
        "$authentication": {
          "defaultValue": {},
          "type": "SecureObject"
        }
      },
      "triggers": {
        "manual": {
          "metadata": {
            "operationMetadataId": "7a19c242-7224-42cc-bff2-ee85fb44ffce"
          },
          "type": "Request",
          "kind": "Button",
          "inputs": {
            "schema": {
              "type": "object",
              "properties": {
                "date": {
                  "title": "selectedDate",
                  "type": "string",
                  "format": "date",
                  "x-ms-dynamically-added": true,
                  "description": "Please enter or select a date (YYYY-MM-DD)",
                  "x-ms-content-hint": "DATE"
                }
              },
              "required": [
                "date"
              ]
            }
          }
        }
      },
      "actions": {
        "holidayData": {
          "runAfter": {},
          "metadata": {
            "operationMetadataId": "713209d3-c251-4281-bf26-ba6a8a44dc7c"
          },
          "type": "InitializeVariable",
          "inputs": {
            "variables": [
              {
                "name": "holidayArray",
                "type": "array",
                "value": [
                  {
                    "YEAR": "2025",
                    "HOLIDAY": "NEW YEARS DAY",
                    "DATE": "1/1/2025"
                  },
                  {
                    "YEAR": "2025",
                    "HOLIDAY": "Birthday of Martin Luther King Jr.",
                    "DATE": "1/20/2025"
                  },
                  {
                    "YEAR": "2025",
                    "HOLIDAY": "Washingtons Birthday",
                    "DATE": "2/17/2025"
                  },
                  {
                    "YEAR": "2025",
                    "HOLIDAY": "Memorial Day",
                    "DATE": "5/26/2025"
                  },
                  {
                    "YEAR": "2025",
                    "HOLIDAY": "Juneteenth National Independence Day",
                    "DATE": "6/19/2025"
                  },
                  {
                    "YEAR": "2025",
                    "HOLIDAY": "Independence Day",
                    "DATE": "7/4/2025"
                  },
                  {
                    "YEAR": "2025",
                    "HOLIDAY": "Labor Day",
                    "DATE": "9/1/2025"
                  },
                  {
                    "YEAR": "2025",
                    "HOLIDAY": "Columbus Day",
                    "DATE": "10/13/2025"
                  },
                  {
                    "YEAR": "2025",
                    "HOLIDAY": "Veterans Day",
                    "DATE": "11/11/2025"
                  },
                  {
                    "YEAR": "2025",
                    "HOLIDAY": "Thanksgiving Day",
                    "DATE": "11/27/2025"
                  },
                  {
                    "YEAR": "2025",
                    "HOLIDAY": "Christmas Day",
                    "DATE": "12/25/2025"
                  },
                  {
                    "YEAR": "2026",
                    "HOLIDAY": "NEW YEARS DAY",
                    "DATE": "1/1/2026"
                  },
                  {
                    "YEAR": "2026",
                    "HOLIDAY": "Birthday of Martin Luther King Jr.",
                    "DATE": "1/19/2029"
                  },
                  {
                    "YEAR": "2026",
                    "HOLIDAY": "Washingtons Birthday",
                    "DATE": "2/16/2026"
                  },
                  {
                    "YEAR": "2026",
                    "HOLIDAY": "Memorial Day",
                    "DATE": "5/25/2026"
                  },
                  {
                    "YEAR": "2026",
                    "HOLIDAY": "Juneteenth National Independence Day",
                    "DATE": "6/19/2026"
                  },
                  {
                    "YEAR": "2026",
                    "HOLIDAY": "Independence Day",
                    "DATE": "7/3/2026"
                  },
                  {
                    "YEAR": "2026",
                    "HOLIDAY": "Labor Day",
                    "DATE": "9/7/2026"
                  },
                  {
                    "YEAR": "2026",
                    "HOLIDAY": "Columbus Day",
                    "DATE": "10/12/2026"
                  },
                  {
                    "YEAR": "2026",
                    "HOLIDAY": "Veterans Day",
                    "DATE": "11/11/2026"
                  },
                  {
                    "YEAR": "2026",
                    "HOLIDAY": "Thanksgiving Day",
                    "DATE": "11/26/2026"
                  },
                  {
                    "YEAR": "2026",
                    "HOLIDAY": "Christmas Day",
                    "DATE": "12/25/2026"
                  },
                  {
                    "YEAR": "2027",
                    "HOLIDAY": "NEW YEARS DAY",
                    "DATE": "1/1/2027"
                  },
                  {
                    "YEAR": "2027",
                    "HOLIDAY": "Birthday of Martin Luther King Jr.",
                    "DATE": "1/18/2027"
                  },
                  {
                    "YEAR": "2027",
                    "HOLIDAY": "Washingtons Birthday",
                    "DATE": "2/15/2027"
                  },
                  {
                    "YEAR": "2027",
                    "HOLIDAY": "Memorial Day",
                    "DATE": "5/31/2027"
                  },
                  {
                    "YEAR": "2027",
                    "HOLIDAY": "Juneteenth National Independence Day",
                    "DATE": "6/18/2027"
                  },
                  {
                    "YEAR": "2027",
                    "HOLIDAY": "Independence Day",
                    "DATE": "7/5/2027"
                  },
                  {
                    "YEAR": "2027",
                    "HOLIDAY": "Labor Day",
                    "DATE": "9/6/2027"
                  },
                  {
                    "YEAR": "2027",
                    "HOLIDAY": "Columbus Day",
                    "DATE": "10/11/2027"
                  },
                  {
                    "YEAR": "2027",
                    "HOLIDAY": "Veterans Day",
                    "DATE": "11/11/2027"
                  },
                  {
                    "YEAR": "2027",
                    "HOLIDAY": "Thanksgiving Day",
                    "DATE": "11/25/2027"
                  },
                  {
                    "YEAR": "2027",
                    "HOLIDAY": "Christmas Day",
                    "DATE": "12/24/2027"
                  },
                  {
                    "YEAR": "2028",
                    "HOLIDAY": "NEW YEARS DAY",
                    "DATE": "12/31/2027"
                  },
                  {
                    "YEAR": "2028",
                    "HOLIDAY": "Birthday of Martin Luther King Jr.",
                    "DATE": "1/17/2028"
                  },
                  {
                    "YEAR": "2028",
                    "HOLIDAY": "Washingtons Birthday",
                    "DATE": "2/21/2028"
                  },
                  {
                    "YEAR": "2028",
                    "HOLIDAY": "Memorial Day",
                    "DATE": "5/29/2028"
                  },
                  {
                    "YEAR": "2028",
                    "HOLIDAY": "Juneteenth National Independence Day",
                    "DATE": "6/19/2028"
                  },
                  {
                    "YEAR": "2028",
                    "HOLIDAY": "Independence Day",
                    "DATE": "7/4/2028"
                  },
                  {
                    "YEAR": "2028",
                    "HOLIDAY": "Labor Day",
                    "DATE": "9/4/2028"
                  },
                  {
                    "YEAR": "2028",
                    "HOLIDAY": "Columbus Day",
                    "DATE": "10/9/2028"
                  },
                  {
                    "YEAR": "2028",
                    "HOLIDAY": "Veterans Day",
                    "DATE": "11/10/2028"
                  },
                  {
                    "YEAR": "2028",
                    "HOLIDAY": "Thanksgiving Day",
                    "DATE": "11/23/2028"
                  },
                  {
                    "YEAR": "2028",
                    "HOLIDAY": "Christmas Day",
                    "DATE": "12/25/2028"
                  },
                  {
                    "YEAR": "2029",
                    "HOLIDAY": "NEW YEARS DAY",
                    "DATE": "1/1/2029"
                  },
                  {
                    "YEAR": "2029",
                    "HOLIDAY": "Birthday of Martin Luther King Jr.",
                    "DATE": "1/15/2029"
                  },
                  {
                    "YEAR": "2029",
                    "HOLIDAY": "Washingtons Birthday",
                    "DATE": "2/19/2029"
                  },
                  {
                    "YEAR": "2029",
                    "HOLIDAY": "Memorial Day",
                    "DATE": "5/28/2029"
                  },
                  {
                    "YEAR": "2029",
                    "HOLIDAY": "Juneteenth National Independence Day",
                    "DATE": "6/19/2029"
                  },
                  {
                    "YEAR": "2029",
                    "HOLIDAY": "Independence Day",
                    "DATE": "7/4/2029"
                  },
                  {
                    "YEAR": "2029",
                    "HOLIDAY": "Labor Day",
                    "DATE": "9/3/2029"
                  },
                  {
                    "YEAR": "2029",
                    "HOLIDAY": "Columbus Day",
                    "DATE": "10/8/2029"
                  },
                  {
                    "YEAR": "2029",
                    "HOLIDAY": "Veterans Day",
                    "DATE": "11/12/2029"
                  },
                  {
                    "YEAR": "2029",
                    "HOLIDAY": "Thanksgiving Day",
                    "DATE": "11/22/2029"
                  },
                  {
                    "YEAR": "2029",
                    "HOLIDAY": "Christmas Day",
                    "DATE": "12/25/2029"
                  },
                  {
                    "YEAR": "2030",
                    "HOLIDAY": "NEW YEARS DAY",
                    "DATE": "1/1/2030"
                  },
                  {
                    "YEAR": "2030",
                    "HOLIDAY": "Birthday of Martin Luther King Jr.",
                    "DATE": "1/20/2033"
                  },
                  {
                    "YEAR": "2030",
                    "HOLIDAY": "Washingtons Birthday",
                    "DATE": "2/18/2030"
                  },
                  {
                    "YEAR": "2030",
                    "HOLIDAY": "Memorial Day",
                    "DATE": "5/27/2030"
                  },
                  {
                    "YEAR": "2030",
                    "HOLIDAY": "Juneteenth National Independence Day",
                    "DATE": "6/19/2030"
                  },
                  {
                    "YEAR": "2030",
                    "HOLIDAY": "Independence Day",
                    "DATE": "7/4/2030"
                  },
                  {
                    "YEAR": "2030",
                    "HOLIDAY": "Labor Day",
                    "DATE": "9/2/2030"
                  },
                  {
                    "YEAR": "2030",
                    "HOLIDAY": "Columbus Day",
                    "DATE": "10/14/2030"
                  },
                  {
                    "YEAR": "2030",
                    "HOLIDAY": "Veterans Day",
                    "DATE": "11/11/2030"
                  },
                  {
                    "YEAR": "2030",
                    "HOLIDAY": "Thanksgiving Day",
                    "DATE": "11/28/2030"
                  },
                  {
                    "YEAR": "2030",
                    "HOLIDAY": "Christmas Day",
                    "DATE": "12/25/2030"
                  },
                  {
                    "YEAR": "2031",
                    "HOLIDAY": "NEW YEARS DAY",
                    "DATE": "1/1/2031"
                  },
                  {
                    "YEAR": "2031",
                    "HOLIDAY": "Birthday of Martin Luther King Jr.",
                    "DATE": "1/20/2031"
                  },
                  {
                    "YEAR": "2031",
                    "HOLIDAY": "Washingtons Birthday",
                    "DATE": "2/17/2031"
                  },
                  {
                    "YEAR": "2031",
                    "HOLIDAY": "Memorial Day",
                    "DATE": "5/26/2031"
                  },
                  {
                    "YEAR": "2031",
                    "HOLIDAY": "Juneteenth National Independence Day",
                    "DATE": "6/19/2031"
                  },
                  {
                    "YEAR": "2031",
                    "HOLIDAY": "Independence Day",
                    "DATE": "7/4/2031"
                  },
                  {
                    "YEAR": "2031",
                    "HOLIDAY": "Labor Day",
                    "DATE": "9/1/2031"
                  },
                  {
                    "YEAR": "2031",
                    "HOLIDAY": "Columbus Day",
                    "DATE": "10/13/2031"
                  },
                  {
                    "YEAR": "2031",
                    "HOLIDAY": "Veterans Day",
                    "DATE": "11/11/2031"
                  },
                  {
                    "YEAR": "2031",
                    "HOLIDAY": "Thanksgiving Day",
                    "DATE": "11/27/2031"
                  },
                  {
                    "YEAR": "2031",
                    "HOLIDAY": "Christmas Day",
                    "DATE": "12/25/2031"
                  },
                  {
                    "YEAR": "2032",
                    "HOLIDAY": "NEW YEARS DAY",
                    "DATE": "1/1/2032"
                  },
                  {
                    "YEAR": "2032",
                    "HOLIDAY": "Birthday of Martin Luther King Jr.",
                    "DATE": "1/19/2032"
                  },
                  {
                    "YEAR": "2032",
                    "HOLIDAY": "Washingtons Birthday",
                    "DATE": "2/16/2032"
                  },
                  {
                    "YEAR": "2032",
                    "HOLIDAY": "Memorial Day",
                    "DATE": "5/31/2032"
                  },
                  {
                    "YEAR": "2032",
                    "HOLIDAY": "Juneteenth National Independence Day",
                    "DATE": "6/18/2032"
                  },
                  {
                    "YEAR": "2032",
                    "HOLIDAY": "Independence Day",
                    "DATE": "7/5/2032"
                  },
                  {
                    "YEAR": "2032",
                    "HOLIDAY": "Labor Day",
                    "DATE": "9/6/2032"
                  },
                  {
                    "YEAR": "2032",
                    "HOLIDAY": "Columbus Day",
                    "DATE": "10/11/2032"
                  },
                  {
                    "YEAR": "2032",
                    "HOLIDAY": "Veterans Day",
                    "DATE": "11/11/2032"
                  },
                  {
                    "YEAR": "2032",
                    "HOLIDAY": "Thanksgiving Day",
                    "DATE": "11/25/2032"
                  },
                  {
                    "YEAR": "2032",
                    "HOLIDAY": "Christmas Day",
                    "DATE": "12/24/2032"
                  },
                  {
                    "YEAR": "2033",
                    "HOLIDAY": "NEW YEARS DAY",
                    "DATE": "12/31/2032"
                  },
                  {
                    "YEAR": "2033",
                    "HOLIDAY": "Birthday of Martin Luther King Jr.",
                    "DATE": "1/17/2033"
                  },
                  {
                    "YEAR": "2033",
                    "HOLIDAY": "Washingtons Birthday",
                    "DATE": "2/21/2033"
                  },
                  {
                    "YEAR": "2033",
                    "HOLIDAY": "Memorial Day",
                    "DATE": "5/30/2033"
                  },
                  {
                    "YEAR": "2033",
                    "HOLIDAY": "Juneteenth National Independence Day",
                    "DATE": "6/20/2033"
                  },
                  {
                    "YEAR": "2033",
                    "HOLIDAY": "Independence Day",
                    "DATE": "7/4/2033"
                  },
                  {
                    "YEAR": "2033",
                    "HOLIDAY": "Labor Day",
                    "DATE": "9/5/2033"
                  },
                  {
                    "YEAR": "2033",
                    "HOLIDAY": "Columbus Day",
                    "DATE": "10/10/2033"
                  },
                  {
                    "YEAR": "2033",
                    "HOLIDAY": "Veterans Day",
                    "DATE": "11/11/2033"
                  },
                  {
                    "YEAR": "2033",
                    "HOLIDAY": "Thanksgiving Day",
                    "DATE": "11/24/2033"
                  },
                  {
                    "YEAR": "2033",
                    "HOLIDAY": "Christmas Day",
                    "DATE": "12/26/2033"
                  },
                  {
                    "YEAR": "2034",
                    "HOLIDAY": "NEW YEARS DAY",
                    "DATE": "1/1/2034"
                  },
                  {
                    "YEAR": "2034",
                    "HOLIDAY": "Birthday of Martin Luther King Jr.",
                    "DATE": "1/20/2037"
                  },
                  {
                    "YEAR": "2034",
                    "HOLIDAY": "Washingtons Birthday",
                    "DATE": "2/20/2034"
                  },
                  {
                    "YEAR": "2034",
                    "HOLIDAY": "Memorial Day",
                    "DATE": "5/29/2034"
                  },
                  {
                    "YEAR": "2034",
                    "HOLIDAY": "Juneteenth National Independence Day",
                    "DATE": "6/19/2034"
                  },
                  {
                    "YEAR": "2034",
                    "HOLIDAY": "Independence Day",
                    "DATE": "7/4/2034"
                  },
                  {
                    "YEAR": "2034",
                    "HOLIDAY": "Labor Day",
                    "DATE": "9/4/2034"
                  },
                  {
                    "YEAR": "2034",
                    "HOLIDAY": "Columbus Day",
                    "DATE": "10/9/2034"
                  },
                  {
                    "YEAR": "2034",
                    "HOLIDAY": "Veterans Day",
                    "DATE": "11/10/2034"
                  },
                  {
                    "YEAR": "2034",
                    "HOLIDAY": "Thanksgiving Day",
                    "DATE": "11/23/2034"
                  },
                  {
                    "YEAR": "2034",
                    "HOLIDAY": "Christmas Day",
                    "DATE": "12/25/2034"
                  },
                  {
                    "YEAR": "2035",
                    "HOLIDAY": "NEW YEARS DAY",
                    "DATE": "1/1/2035"
                  },
                  {
                    "YEAR": "2035",
                    "HOLIDAY": "Birthday of Martin Luther King Jr.",
                    "DATE": "1/15/2035"
                  },
                  {
                    "YEAR": "2035",
                    "HOLIDAY": "Washingtons Birthday",
                    "DATE": "2/19/2035"
                  },
                  {
                    "YEAR": "2035",
                    "HOLIDAY": "Memorial Day",
                    "DATE": "5/28/2035"
                  },
                  {
                    "YEAR": "2035",
                    "HOLIDAY": "Juneteenth National Independence Day",
                    "DATE": "6/19/2035"
                  },
                  {
                    "YEAR": "2035",
                    "HOLIDAY": "Independence Day",
                    "DATE": "7/4/2035"
                  },
                  {
                    "YEAR": "2035",
                    "HOLIDAY": "Labor Day",
                    "DATE": "9/3/2035"
                  },
                  {
                    "YEAR": "2035",
                    "HOLIDAY": "Columbus Day",
                    "DATE": "10/8/2035"
                  },
                  {
                    "YEAR": "2035",
                    "HOLIDAY": "Veterans Day",
                    "DATE": "11/12/2035"
                  },
                  {
                    "YEAR": "2035",
                    "HOLIDAY": "Thanksgiving Day",
                    "DATE": "11/22/2035"
                  },
                  {
                    "YEAR": "2035",
                    "HOLIDAY": "Christmas Day",
                    "DATE": "12/25/2035"
                  },
                  {
                    "YEAR": "2036",
                    "HOLIDAY": "NEW YEARS DAY",
                    "DATE": "1/1/2036"
                  },
                  {
                    "YEAR": "2036",
                    "HOLIDAY": "Birthday of Martin Luther King Jr.",
                    "DATE": "1/21/2036"
                  },
                  {
                    "YEAR": "2036",
                    "HOLIDAY": "Washingtons Birthday",
                    "DATE": "2/18/2036"
                  },
                  {
                    "YEAR": "2036",
                    "HOLIDAY": "Memorial Day",
                    "DATE": "5/26/2036"
                  },
                  {
                    "YEAR": "2036",
                    "HOLIDAY": "Juneteenth National Independence Day",
                    "DATE": "6/19/2036"
                  },
                  {
                    "YEAR": "2036",
                    "HOLIDAY": "Independence Day",
                    "DATE": "7/4/2036"
                  },
                  {
                    "YEAR": "2036",
                    "HOLIDAY": "Labor Day",
                    "DATE": "9/1/2036"
                  },
                  {
                    "YEAR": "2036",
                    "HOLIDAY": "Columbus Day",
                    "DATE": "10/13/2036"
                  },
                  {
                    "YEAR": "2036",
                    "HOLIDAY": "Veterans Day",
                    "DATE": "11/11/2036"
                  },
                  {
                    "YEAR": "2036",
                    "HOLIDAY": "Thanksgiving Day",
                    "DATE": "11/27/2036"
                  },
                  {
                    "YEAR": "2036",
                    "HOLIDAY": "Christmas Day",
                    "DATE": "12/25/2036"
                  },
                  {
                    "YEAR": "2037",
                    "HOLIDAY": "NEW YEARS DAY",
                    "DATE": "1/1/2037"
                  },
                  {
                    "YEAR": "2037",
                    "HOLIDAY": "Birthday of Martin Luther King Jr.",
                    "DATE": "1/19/2037"
                  },
                  {
                    "YEAR": "2037",
                    "HOLIDAY": "Washingtons Birthday",
                    "DATE": "2/16/2037"
                  },
                  {
                    "YEAR": "2037",
                    "HOLIDAY": "Memorial Day",
                    "DATE": "5/25/2037"
                  },
                  {
                    "YEAR": "2037",
                    "HOLIDAY": "Juneteenth National Independence Day",
                    "DATE": "6/19/2037"
                  },
                  {
                    "YEAR": "2037",
                    "HOLIDAY": "Independence Day",
                    "DATE": "7/3/2037"
                  },
                  {
                    "YEAR": "2037",
                    "HOLIDAY": "Labor Day",
                    "DATE": "9/7/2037"
                  },
                  {
                    "YEAR": "2037",
                    "HOLIDAY": "Columbus Day",
                    "DATE": "10/12/2037"
                  },
                  {
                    "YEAR": "2037",
                    "HOLIDAY": "Veterans Day",
                    "DATE": "11/11/2037"
                  },
                  {
                    "YEAR": "2037",
                    "HOLIDAY": "Thanksgiving Day",
                    "DATE": "11/26/2037"
                  },
                  {
                    "YEAR": "2037",
                    "HOLIDAY": "Christmas Day",
                    "DATE": "12/25/2037"
                  },
                  {
                    "YEAR": "2038",
                    "HOLIDAY": "NEW YEARS DAY",
                    "DATE": "1/1/2038"
                  },
                  {
                    "YEAR": "2038",
                    "HOLIDAY": "Birthday of Martin Luther King Jr.",
                    "DATE": "1/21/2041"
                  },
                  {
                    "YEAR": "2038",
                    "HOLIDAY": "Washingtons Birthday",
                    "DATE": "2/15/2038"
                  },
                  {
                    "YEAR": "2038",
                    "HOLIDAY": "Memorial Day",
                    "DATE": "5/31/2038"
                  },
                  {
                    "YEAR": "2038",
                    "HOLIDAY": "Juneteenth National Independence Day",
                    "DATE": "6/18/2038"
                  },
                  {
                    "YEAR": "2038",
                    "HOLIDAY": "Independence Day",
                    "DATE": "7/5/2038"
                  },
                  {
                    "YEAR": "2038",
                    "HOLIDAY": "Labor Day",
                    "DATE": "9/6/2038"
                  },
                  {
                    "YEAR": "2038",
                    "HOLIDAY": "Columbus Day",
                    "DATE": "10/11/2038"
                  },
                  {
                    "YEAR": "2038",
                    "HOLIDAY": "Veterans Day",
                    "DATE": "11/11/2038"
                  },
                  {
                    "YEAR": "2038",
                    "HOLIDAY": "Thanksgiving Day",
                    "DATE": "11/25/2038"
                  },
                  {
                    "YEAR": "2038",
                    "HOLIDAY": "Christmas Day",
                    "DATE": "12/24/2038"
                  },
                  {
                    "YEAR": "2039",
                    "HOLIDAY": "NEW YEARS DAY",
                    "DATE": "12/31/2038"
                  },
                  {
                    "YEAR": "2039",
                    "HOLIDAY": "Birthday of Martin Luther King Jr.",
                    "DATE": "1/17/2039"
                  },
                  {
                    "YEAR": "2039",
                    "HOLIDAY": "Washingtons Birthday",
                    "DATE": "2/21/2039"
                  },
                  {
                    "YEAR": "2039",
                    "HOLIDAY": "Memorial Day",
                    "DATE": "5/30/2039"
                  },
                  {
                    "YEAR": "2039",
                    "HOLIDAY": "Juneteenth National Independence Day",
                    "DATE": "6/20/2039"
                  },
                  {
                    "YEAR": "2039",
                    "HOLIDAY": "Independence Day",
                    "DATE": "7/4/2039"
                  },
                  {
                    "YEAR": "2039",
                    "HOLIDAY": "Labor Day",
                    "DATE": "9/5/2039"
                  },
                  {
                    "YEAR": "2039",
                    "HOLIDAY": "Columbus Day",
                    "DATE": "10/10/2039"
                  },
                  {
                    "YEAR": "2039",
                    "HOLIDAY": "Veterans Day",
                    "DATE": "11/11/2039"
                  },
                  {
                    "YEAR": "2039",
                    "HOLIDAY": "Thanksgiving Day",
                    "DATE": "11/24/2039"
                  },
                  {
                    "YEAR": "2039",
                    "HOLIDAY": "Christmas Day",
                    "DATE": "12/26/2039"
                  },
                  {
                    "YEAR": "2040",
                    "HOLIDAY": "NEW YEARS DAY",
                    "DATE": "1/1/2040"
                  },
                  {
                    "YEAR": "2040",
                    "HOLIDAY": "Birthday of Martin Luther King Jr.",
                    "DATE": "1/16/2040"
                  },
                  {
                    "YEAR": "2040",
                    "HOLIDAY": "Washingtons Birthday",
                    "DATE": "2/20/2040"
                  },
                  {
                    "YEAR": "2040",
                    "HOLIDAY": "Memorial Day",
                    "DATE": "5/28/2040"
                  },
                  {
                    "YEAR": "2040",
                    "HOLIDAY": "Juneteenth National Independence Day",
                    "DATE": "6/19/2040"
                  },
                  {
                    "YEAR": "2040",
                    "HOLIDAY": "Independence Day",
                    "DATE": "7/4/2040"
                  },
                  {
                    "YEAR": "2040",
                    "HOLIDAY": "Labor Day",
                    "DATE": "9/3/2040"
                  },
                  {
                    "YEAR": "2040",
                    "HOLIDAY": "Columbus Day",
                    "DATE": "10/8/2040"
                  },
                  {
                    "YEAR": "2040",
                    "HOLIDAY": "Veterans Day",
                    "DATE": "11/12/2040"
                  },
                  {
                    "YEAR": "2040",
                    "HOLIDAY": "Thanksgiving Day",
                    "DATE": "11/22/2040"
                  },
                  {
                    "YEAR": "2040",
                    "HOLIDAY": "Christmas Day",
                    "DATE": "12/25/2040"
                  },
                  {
                    "YEAR": "2041",
                    "HOLIDAY": "NEW YEARS DAY",
                    "DATE": "1/1/2041"
                  },
                  {
                    "YEAR": "2041",
                    "HOLIDAY": "Birthday of Martin Luther King Jr.",
                    "DATE": "1/21/2041"
                  },
                  {
                    "YEAR": "2041",
                    "HOLIDAY": "Washingtons Birthday",
                    "DATE": "2/18/2041"
                  },
                  {
                    "YEAR": "2041",
                    "HOLIDAY": "Memorial Day",
                    "DATE": "5/27/2041"
                  },
                  {
                    "YEAR": "2041",
                    "HOLIDAY": "Juneteenth National Independence Day",
                    "DATE": "6/19/2041"
                  },
                  {
                    "YEAR": "2041",
                    "HOLIDAY": "Independence Day",
                    "DATE": "7/4/2041"
                  },
                  {
                    "YEAR": "2041",
                    "HOLIDAY": "Labor Day",
                    "DATE": "9/2/2041"
                  },
                  {
                    "YEAR": "2041",
                    "HOLIDAY": "Columbus Day",
                    "DATE": "10/14/2041"
                  },
                  {
                    "YEAR": "2041",
                    "HOLIDAY": "Veterans Day",
                    "DATE": "11/11/2041"
                  },
                  {
                    "YEAR": "2041",
                    "HOLIDAY": "Thanksgiving Day",
                    "DATE": "11/28/2041"
                  },
                  {
                    "YEAR": "2041",
                    "HOLIDAY": "Christmas Day",
                    "DATE": "12/25/2041"
                  },
                  {
                    "YEAR": "2042",
                    "HOLIDAY": "NEW YEARS DAY",
                    "DATE": "1/1/2042"
                  },
                  {
                    "YEAR": "2042",
                    "HOLIDAY": "Birthday of Martin Luther King Jr.",
                    "DATE": "1/20/2045"
                  },
                  {
                    "YEAR": "2042",
                    "HOLIDAY": "Washingtons Birthday",
                    "DATE": "2/17/2042"
                  },
                  {
                    "YEAR": "2042",
                    "HOLIDAY": "Memorial Day",
                    "DATE": "5/26/2042"
                  },
                  {
                    "YEAR": "2042",
                    "HOLIDAY": "Juneteenth National Independence Day",
                    "DATE": "6/19/2042"
                  },
                  {
                    "YEAR": "2042",
                    "HOLIDAY": "Independence Day",
                    "DATE": "7/4/2042"
                  },
                  {
                    "YEAR": "2042",
                    "HOLIDAY": "Labor Day",
                    "DATE": "9/1/2042"
                  },
                  {
                    "YEAR": "2042",
                    "HOLIDAY": "Columbus Day",
                    "DATE": "10/13/2042"
                  },
                  {
                    "YEAR": "2042",
                    "HOLIDAY": "Veterans Day",
                    "DATE": "11/11/2042"
                  },
                  {
                    "YEAR": "2042",
                    "HOLIDAY": "Thanksgiving Day",
                    "DATE": "11/27/2042"
                  },
                  {
                    "YEAR": "2042",
                    "HOLIDAY": "Christmas Day",
                    "DATE": "12/25/2042"
                  },
                  {
                    "YEAR": "2043",
                    "HOLIDAY": "NEW YEARS DAY",
                    "DATE": "1/1/2043"
                  },
                  {
                    "YEAR": "2043",
                    "HOLIDAY": "Birthday of Martin Luther King Jr.",
                    "DATE": "1/19/2043"
                  },
                  {
                    "YEAR": "2043",
                    "HOLIDAY": "Washingtons Birthday",
                    "DATE": "2/16/2043"
                  },
                  {
                    "YEAR": "2043",
                    "HOLIDAY": "Memorial Day",
                    "DATE": "5/25/2043"
                  },
                  {
                    "YEAR": "2043",
                    "HOLIDAY": "Juneteenth National Independence Day",
                    "DATE": "6/19/2043"
                  },
                  {
                    "YEAR": "2043",
                    "HOLIDAY": "Independence Day",
                    "DATE": "7/3/2043"
                  },
                  {
                    "YEAR": "2043",
                    "HOLIDAY": "Labor Day",
                    "DATE": "9/7/2043"
                  },
                  {
                    "YEAR": "2043",
                    "HOLIDAY": "Columbus Day",
                    "DATE": "10/12/2043"
                  }
                ]
              }
            ]
          }
        },
        "filterHolidays": {
          "runAfter": {
            "setDefaultResult-false": [
              "Succeeded"
            ]
          },
          "metadata": {
            "operationMetadataId": "7d0df2c6-331f-4ad8-8a4f-96e6a9ca4e21"
          },
          "type": "Query",
          "inputs": {
            "from": "@variables('holidayArray')",
            "where": "@equals(formatDateTime(item()?['DATE']), formatDateTime(triggerBody()['date']))"
          }
        },
        "ifSelectedDateMatchedaHolidy": {
          "actions": {
            "setResultToIsHoliday": {
              "runAfter": {},
              "metadata": {
                "operationMetadataId": "573140bd-8569-4261-a59f-0900e9ece4ae"
              },
              "type": "SetVariable",
              "inputs": {
                "name": "result",
                "value": {
                  "date": "@triggerBody()['date']",
                  "isHoliday": true
                }
              }
            }
          },
          "runAfter": {
            "filterHolidays": [
              "Succeeded"
            ]
          },
          "expression": {
            "greater": [
              "@length(body('FilterHolidays'))",
              0
            ]
          },
          "metadata": {
            "operationMetadataId": "9bd3bd8d-c322-4b15-8ab8-376eee6de77e"
          },
          "type": "If"
        },
        "setDefaultResult-false": {
          "runAfter": {
            "holidayData": [
              "Succeeded"
            ]
          },
          "metadata": {
            "operationMetadataId": "557c8398-d0e5-4a75-9672-30af62897f44"
          },
          "type": "InitializeVariable",
          "inputs": {
            "variables": [
              {
                "name": "result",
                "type": "object",
                "value": {
                  "date": "@triggerBody()['date']",
                  "isHoliday": false
                }
              }
            ]
          }
        },
        "isHoliday_Response": {
          "runAfter": {
            "ifSelectedDateMatchedaHolidy": [
              "Succeeded"
            ]
          },
          "metadata": {
            "operationMetadataId": "66f21696-fe22-4c5f-9343-64e81118c24a"
          },
          "type": "Response",
          "kind": "Http",
          "inputs": {
            "statusCode": 200,
            "headers": {
              "content-type": "application/json"
            },
            "body": "@variables('result')",
            "schema": {
              "type": "object",
              "properties": {
                "date": {
                  "type": "string"
                },
                "isHoliday": {
                  "type": "boolean"
                }
              }
            }
          }
        }
      }
    },
    "templateName": ""
  },
  "schemaVersion": "1.0.0.0"
}